Age,Gender,Department,Education,YearsExperience,MonthlySalary,HoursWorkedPerWeek,ProjectsHandled,TrainingHours,AttendancePercentage,JobSatisfaction,WorkLifeBalance,PromotionLast2Years,PerformanceRating
27,Female,IT,Bachelor,0,43227,40,2,0,75.5,9,4,0,High
40,Female,Operations,Bachelor,7,23978,31,8,66,95.65,4,8,0,High
49,Female,Operations,Master,5,105527,38,9,23,96.48,1,3,0,High
35,Male,Operations,Bachelor,4,35153,50,6,26,83.99,8,7,0,High
31,Male,Operations,Diploma,14,77765,53,5,39,72.27,7,3,0,High
28,Female,Sales,Diploma,14,117084,63,12,62,81.63,5,7,0,High
49,Male,Sales,Master,1,57071,51,9,60,94.11,10,10,0,High
41,Male,IT,Master,0,87519,32,13,35,97.05,5,10,1,High
27,Female,HR,Bachelor,10,27503,41,12,23,76.1,7,6,1,High
46,Male,Operations,Bachelor,9,78703,57,11,23,72.01,5,2,0,High
39,Female,HR,Bachelor,17,82379,59,9,3,96.32,8,3,1,High
43,Male,HR,Diploma,17,113457,55,1,66,81.68,6,6,1,High
31,Female,IT,Master,16,75866,50,11,33,86.25,5,4,1,High
31,Female,Operations,Bachelor,7,34905,57,3,56,99.04,9,6,0,High
44,Female,Operations,Bachelor,14,63838,55,9,48,72.0,2,1,0,High
41,Female,Finance,Bachelor,7,76279,62,11,52,89.45,1,10,1,High
24,Male,HR,Diploma,16,107489,50,2,22,72.22,8,1,0,High
28,Female,HR,Diploma,11,44806,64,12,68,81.26,3,3,0,High
44,Female,Sales,Bachelor,7,63000,63,4,52,94.11,7,8,0,High
23,Female,Finance,Diploma,13,40168,47,4,61,83.0,10,8,0,High
42,Male,Sales,Bachelor,3,88119,40,2,40,99.92,8,4,0,High
41,Female,Sales,Bachelor,0,56714,52,3,56,86.77,6,6,0,High
22,Male,Sales,Bachelor,0,72093,51,13,59,79.63,10,8,0,High
44,Female,IT,Bachelor,18,73419,46,3,53,76.6,9,7,1,High
32,Male,IT,Bachelor,15,67145,34,1,69,80.52,7,7,1,High
26,Male,Sales,Bachelor,13,95425,40,6,56,81.18,10,4,0,High
22,Female,Finance,Bachelor,15,110949,59,8,9,72.06,5,9,1,High
48,Male,HR,Bachelor,4,95811,44,12,39,81.09,8,10,0,High
41,Female,Finance,Bachelor,8,20461,56,3,6,83.93,2,6,0,Medium
21,Female,Operations,Bachelor,1,32291,64,5,37,91.68,7,3,1,High
32,Female,IT,Master,17,64804,62,1,60,89.7,4,5,1,High
46,Male,HR,Bachelor,5,94971,49,10,2,91.26,9,5,1,High
42,Male,HR,Bachelor,8,111471,45,7,50,70.25,1,5,0,High
49,Female,Operations,Diploma,0,82946,63,10,46,76.53,7,8,1,High
32,Female,Operations,Bachelor,8,116989,31,13,67,89.85,6,9,0,High
45,Male,Sales,Bachelor,15,102080,64,1,75,84.52,8,9,0,High
37,Female,IT,Diploma,12,79332,57,12,37,70.16,5,6,0,High
47,Female,IT,Bachelor,8,95794,35,11,35,94.13,1,6,0,High
47,Female,Finance,Bachelor,12,48841,38,9,40,93.18,1,9,0,High
30,Male,Sales,Bachelor,8,66758,49,8,68,86.45,9,4,1,High
48,Male,Sales,Master,10,94272,30,7,12,71.99,10,6,0,High
48,Male,Sales,Diploma,3,55643,37,10,57,93.0,6,4,0,High
36,Female,Sales,Diploma,1,68408,52,7,49,87.51,10,1,0,High
35,Female,IT,Bachelor,5,61950,32,5,29,93.46,5,7,0,High
35,Female,IT,Bachelor,13,74849,33,5,61,92.55,1,10,1,High
39,Male,Sales,Bachelor,3,118500,54,11,24,94.09,6,6,0,High
32,Female,Finance,Bachelor,5,46044,44,13,26,85.54,6,9,0,High
43,Female,HR,Bachelor,18,33997,50,5,50,74.21,3,7,1,High
40,Female,HR,Master,5,97751,64,1,77,90.13,8,7,0,High
45,Female,Finance,Master,1,116605,43,8,56,88.61,1,2,0,High
23,Male,Sales,Bachelor,17,41911,41,12,46,92.27,1,9,0,High
25,Male,IT,Bachelor,12,73533,46,11,38,75.1,6,10,0,High
39,Female,HR,Bachelor,8,100566,38,1,15,75.85,10,9,0,High
27,Male,Operations,Bachelor,18,112870,64,4,21,96.71,1,6,0,High
41,Male,Operations,Diploma,12,32571,42,9,53,92.5,6,3,1,High
29,Female,Finance,Master,10,112463,44,14,20,97.25,1,1,1,High
27,Female,Sales,Diploma,0,75941,47,9,71,92.76,6,4,0,High
38,Male,HR,Master,6,76005,62,5,15,87.91,3,3,0,Medium
24,Female,Sales,Bachelor,14,104250,35,4,58,89.62,8,1,1,High
45,Male,HR,Diploma,0,76712,56,3,30,96.67,6,3,0,High
48,Female,Finance,Bachelor,11,61541,52,3,41,87.36,1,4,0,High
34,Male,Finance,Master,6,41387,56,12,73,88.97,5,8,0,High
38,Female,Operations,Bachelor,14,111980,63,5,31,74.69,8,9,1,High
46,Male,Sales,Master,18,66908,43,10,58,84.22,3,3,0,High
29,Male,Operations,Bachelor,0,103457,37,1,33,91.49,6,6,0,High
46,Male,Sales,Bachelor,16,31057,64,5,8,78.13,5,10,0,High
41,Female,Operations,Master,16,82028,48,6,10,76.07,6,5,1,High
22,Male,IT,Bachelor,2,73731,59,7,9,79.41,10,6,0,High
40,Male,IT,Bachelor,11,42858,43,12,16,77.25,1,4,1,High
48,Female,IT,Bachelor,5,66689,49,9,67,76.45,7,10,0,High
35,Female,IT,Master,10,62638,54,3,47,82.75,9,6,0,High
48,Male,HR,Master,2,109598,53,2,51,97.24,2,7,0,High
27,Male,IT,Diploma,7,64486,43,14,24,85.21,10,9,0,High
32,Female,Finance,Bachelor,13,38567,55,3,20,75.64,5,10,1,High
49,Female,Finance,Master,13,47739,52,12,64,72.31,10,7,0,High
28,Female,HR,Diploma,9,75804,51,9,62,90.88,4,6,1,High
35,Female,IT,Bachelor,1,21754,48,12,50,81.48,6,1,0,High
23,Female,IT,Master,13,45044,32,7,35,94.65,6,2,0,High
34,Male,IT,Diploma,8,85260,48,9,65,89.79,2,1,0,High
37,Female,Operations,Bachelor,2,84912,38,13,14,93.89,2,9,0,High
24,Male,Sales,Bachelor,7,26706,57,2,38,78.16,4,10,1,High
38,Male,Operations,Master,15,26894,49,5,69,90.77,1,10,0,High
28,Male,Sales,Master,1,36037,36,13,0,77.92,9,9,0,High
24,Female,IT,Master,5,101986,43,4,22,98.17,7,7,0,High
22,Male,IT,Bachelor,11,99942,38,2,38,89.09,7,2,0,High
26,Male,Operations,Master,4,69612,48,9,56,79.74,3,6,0,High
42,Female,Operations,Master,1,47725,43,9,33,78.09,3,4,1,High
30,Male,Sales,Bachelor,15,23926,46,6,40,75.73,1,1,0,High
24,Male,Finance,Master,4,27496,59,11,72,90.84,3,1,0,High
42,Female,Sales,Diploma,14,74447,38,6,12,76.56,3,5,0,High
49,Male,Operations,Bachelor,11,119604,62,8,69,87.86,4,2,1,High
38,Male,Operations,Bachelor,3,47806,54,6,5,77.94,4,4,0,Medium
46,Male,HR,Diploma,14,106199,43,1,51,89.86,3,1,0,High
32,Female,Operations,Diploma,10,59321,40,4,2,94.45,10,4,0,High
22,Female,HR,Bachelor,15,83095,64,13,62,93.34,8,6,0,High
30,Female,Finance,Bachelor,5,40656,43,7,48,92.83,8,10,0,High
24,Male,Sales,Bachelor,13,73147,59,13,75,75.63,1,4,0,High
34,Male,Sales,Diploma,17,109396,33,13,46,72.65,7,1,1,High
36,Female,HR,Bachelor,11,67666,33,2,54,90.97,2,7,0,High
35,Male,Sales,Bachelor,10,100368,57,9,63,81.05,1,2,1,High
28,Male,Operations,Master,12,56787,37,8,64,82.97,3,9,0,High
34,Female,IT,Bachelor,10,80946,31,8,66,70.93,4,3,0,High
43,Female,HR,Bachelor,15,39727,51,7,14,77.79,6,8,0,High
48,Male,Sales,Master,14,113081,45,4,31,71.01,10,8,0,High
45,Male,HR,Bachelor,14,86056,58,2,67,96.38,5,3,1,High
28,Male,HR,Bachelor,3,21081,59,3,17,77.3,4,4,0,Medium
41,Female,IT,Diploma,10,52196,41,12,42,86.72,8,2,0,High
36,Female,Operations,Master,18,54735,64,6,34,71.17,4,4,0,High
33,Female,HR,Diploma,14,98102,40,12,77,90.01,10,9,1,High
38,Female,Sales,Master,3,97578,50,12,57,79.69,2,2,0,High
35,Male,Finance,Bachelor,12,43498,50,5,32,96.94,3,3,1,High
41,Female,HR,Master,18,94865,34,12,13,96.64,6,4,0,High
44,Female,HR,Master,1,49656,49,8,33,79.76,8,5,0,High
46,Female,IT,Master,13,85695,32,6,60,97.03,8,1,0,High
45,Female,Operations,Bachelor,3,55900,62,6,3,99.88,9,7,0,High
48,Female,Finance,Master,15,102899,38,1,58,94.76,7,10,0,High
48,Male,Sales,Bachelor,19,65701,38,4,28,95.35,2,7,0,High
48,Male,Finance,Bachelor,13,37033,33,5,5,77.47,8,9,1,High
33,Female,Sales,Bachelor,14,28805,64,12,48,87.3,7,4,1,High
29,Male,Operations,Master,2,53851,46,11,39,72.02,8,6,0,High
49,Female,Sales,Master,7,44832,63,3,64,72.85,3,2,0,Medium
35,Female,IT,Master,15,81437,53,13,68,99.97,7,4,0,High
33,Male,IT,Bachelor,9,31944,61,9,26,79.8,10,2,0,High
21,Male,IT,Bachelor,3,37873,30,1,79,92.45,9,10,0,High
45,Female,IT,Bachelor,17,58372,37,6,5,94.2,3,5,1,High
27,Female,Finance,Bachelor,1,107464,52,6,12,95.74,10,7,0,High
29,Female,Operations,Diploma,16,33379,41,10,63,99.93,6,1,0,High
44,Male,Sales,Bachelor,12,54751,41,5,61,77.24,2,10,0,High
21,Female,Sales,Bachelor,3,118082,44,12,18,71.21,2,10,0,High
32,Female,IT,Bachelor,10,107822,48,5,75,82.34,5,7,0,High
28,Female,IT,Bachelor,6,23110,55,10,79,73.9,5,10,0,High
44,Male,HR,Diploma,11,72341,58,14,42,70.67,7,6,0,High
31,Female,Operations,Diploma,9,30087,51,13,73,80.81,2,6,0,High
39,Female,Finance,Master,6,41762,50,5,19,93.51,7,8,0,High
37,Male,Sales,Bachelor,12,100617,49,6,67,86.99,5,8,1,High
28,Female,HR,Bachelor,6,118483,58,8,43,79.38,6,6,0,High
23,Female,HR,Bachelor,16,27596,33,2,22,89.63,8,3,0,High
23,Male,Sales,Bachelor,9,36313,36,6,1,76.96,10,5,0,High
21,Female,Finance,Master,9,84549,57,1,21,70.43,4,2,0,Medium
47,Male,HR,Master,3,41705,57,4,56,92.93,7,5,0,High
25,Male,HR,Diploma,19,85364,33,14,71,88.71,6,9,1,High
30,Female,Operations,Bachelor,3,91445,51,10,6,92.87,10,10,0,High
27,Female,Finance,Master,6,96645,41,3,77,71.17,2,1,0,High
46,Female,HR,Master,0,20023,32,9,55,95.11,8,10,0,High
29,Female,Finance,Bachelor,11,77796,51,3,66,88.59,10,5,0,High
48,Male,Sales,Bachelor,12,98073,31,6,15,86.9,9,6,1,High
27,Female,IT,Diploma,9,110197,53,1,50,88.74,5,7,1,High
29,Male,HR,Master,14,82429,63,12,79,95.93,10,9,0,High
28,Female,Operations,Bachelor,12,79627,56,6,71,87.61,4,6,1,High
32,Female,Sales,Master,8,51848,30,4,11,87.43,6,5,0,High
22,Female,Finance,Bachelor,8,55804,37,8,52,99.72,8,7,1,High
21,Male,Sales,Bachelor,14,33379,52,13,74,92.7,3,1,0,High
36,Female,HR,Bachelor,9,77664,35,11,4,83.27,10,5,1,High
43,Female,Finance,Bachelor,9,45766,51,9,26,91.22,1,2,1,High
43,Female,IT,Diploma,7,86099,54,4,11,81.68,4,4,0,High
44,Female,Sales,Bachelor,15,54060,47,10,16,76.87,4,7,0,High
25,Male,HR,Diploma,16,112733,46,12,5,87.91,1,5,1,High
23,Female,Operations,Master,4,87122,41,10,4,97.85,9,6,1,High
32,Male,Finance,Bachelor,3,34087,35,6,56,97.87,3,2,0,High
28,Male,Sales,Diploma,17,66868,55,1,27,80.26,5,3,0,High
42,Male,Sales,Master,18,41225,56,4,77,85.83,6,7,0,High
47,Male,IT,Master,3,113286,37,7,68,76.35,8,2,0,High
23,Male,IT,Master,6,24643,48,12,58,99.87,6,6,0,High
21,Male,Operations,Master,9,111059,30,1,32,99.43,3,5,0,High
23,Female,Operations,Diploma,17,54727,58,8,61,89.49,6,10,1,High
25,Male,HR,Bachelor,18,29005,64,12,49,94.13,1,1,0,High
35,Male,HR,Master,3,83697,43,10,18,91.45,4,10,1,High
34,Male,Operations,Bachelor,9,34029,64,12,68,87.79,6,4,0,High
23,Female,Operations,Diploma,0,32226,49,11,65,71.6,7,2,0,High
21,Female,Finance,Master,17,81646,42,6,46,83.64,10,4,0,High
25,Male,IT,Bachelor,4,78603,37,5,38,90.24,3,1,0,High
46,Female,HR,Bachelor,14,46731,49,10,67,90.33,9,2,0,High
43,Male,IT,Bachelor,16,86926,62,11,32,81.19,7,8,0,High
34,Male,IT,Bachelor,2,23997,55,14,12,98.25,1,6,0,High
27,Female,Operations,Bachelor,11,73506,50,9,53,75.02,2,2,0,High
47,Male,Finance,Diploma,1,96229,38,2,6,85.01,1,6,0,Medium
29,Female,Sales,Master,0,67815,53,5,78,90.73,9,10,0,High
35,Female,Finance,Bachelor,16,60092,46,6,13,90.91,9,9,1,High
35,Male,Finance,Diploma,15,80539,53,7,18,89.46,7,7,1,High
46,Male,IT,Master,4,84077,50,5,53,78.26,10,9,0,High
30,Female,Finance,Master,14,39817,42,9,19,74.69,3,5,0,High
48,Male,HR,Master,2,55861,40,1,28,89.08,5,7,0,High
33,Male,IT,Master,6,31428,48,7,23,87.98,4,7,1,High
39,Male,HR,Bachelor,10,61934,40,10,62,75.38,7,3,0,High
27,Female,Sales,Bachelor,9,28258,42,7,73,91.15,9,7,0,High
37,Female,IT,Diploma,8,75775,30,4,56,83.66,2,1,0,High
40,Male,Sales,Bachelor,13,99580,48,9,7,90.03,8,9,0,High
49,Female,IT,Bachelor,12,112947,41,14,61,95.12,9,10,0,High
24,Female,Operations,Bachelor,1,23469,37,12,28,75.09,10,6,1,High
25,Female,Finance,Bachelor,2,46854,37,11,73,70.57,10,5,0,High
43,Female,Operations,Bachelor,6,24256,41,5,16,93.37,9,7,0,High
27,Female,Sales,Diploma,17,94256,62,4,65,88.29,10,5,0,High
33,Male,Finance,Bachelor,2,51937,55,13,5,90.99,7,10,0,High
35,Male,IT,Bachelor,9,117134,57,7,57,95.14,9,5,1,High
31,Male,Finance,Diploma,6,19651,34,4,68,94.08,9,10,0,High
49,Female,HR,Master,8,68288,37,3,27,98.83,3,7,1,High
24,Female,Finance,Bachelor,16,102730,54,9,61,86.08,4,10,0,High
33,Male,HR,Bachelor,10,43051,56,11,40,84.65,2,7,0,High
27,Female,Finance,Bachelor,6,45386,52,8,68,82.06,10,3,1,High
47,Male,HR,Master,13,93054,59,1,40,74.61,3,3,0,High
39,Male,Sales,Bachelor,18,34184,52,7,48,87.18,5,10,1,High
42,Male,Operations,Bachelor,3,51787,49,9,48,78.31,5,3,0,High
48,Female,IT,Bachelor,5,39621,47,8,75,97.64,6,6,1,High
22,Female,Finance,Bachelor,9,93564,47,8,70,87.5,7,6,0,High
30,Male,Operations,Master,6,95984,31,13,2,87.79,7,3,0,High
33,Male,IT,Master,12,77792,33,6,9,80.65,1,3,1,High
45,Male,IT,Bachelor,13,63253,59,11,34,71.56,2,8,1,High
41,Male,HR,Master,3,52051,62,4,79,70.95,9,8,1,High
26,Female,Sales,Master,7,67811,47,8,1,82.7,10,7,1,High
48,Female,Sales,Bachelor,4,48447,48,3,23,72.54,2,10,1,High
48,Male,Operations,Master,0,101930,57,13,73,88.21,6,4,0,High
32,Male,Sales,Bachelor,3,118037,49,9,37,96.43,1,4,0,High
32,Female,Finance,Bachelor,2,48254,62,13,21,96.49,3,3,0,High
40,Female,Sales,Bachelor,8,102045,41,2,25,89.77,2,5,0,High
31,Male,Operations,Master,7,75418,44,2,42,76.34,3,3,0,High
46,Male,Sales,Diploma,0,32472,31,12,54,95.89,5,8,0,High
43,Male,Finance,Master,5,21471,58,13,38,96.58,10,7,0,High
48,Female,HR,Master,8,113804,39,12,28,75.9,6,3,0,High
45,Female,Operations,Diploma,6,26329,31,7,19,92.12,9,9,0,High
27,Female,HR,Master,3,52865,40,12,40,78.6,10,5,0,High
21,Male,HR,Diploma,12,64850,42,10,53,94.08,4,9,0,High
21,Male,HR,Bachelor,16,72220,39,4,19,99.92,7,7,1,High
45,Female,IT,Bachelor,1,111808,43,10,18,70.9,6,7,0,High
47,Female,IT,Diploma,4,24397,47,8,65,96.92,2,6,0,High
45,Male,HR,Master,11,115909,38,9,29,88.68,10,2,0,High
40,Female,Operations,Master,7,53525,57,7,52,99.2,8,9,0,High
33,Female,Finance,Bachelor,5,71072,32,5,33,83.95,7,6,0,High
29,Male,Finance,Diploma,7,108106,49,8,21,95.42,7,8,0,High
23,Female,Sales,Bachelor,17,101820,35,4,66,71.87,8,1,0,High
27,Male,Operations,Bachelor,2,102530,56,2,5,80.06,1,5,0,Medium
26,Male,IT,Master,11,41284,31,11,78,72.01,1,1,0,High
28,Male,HR,Bachelor,2,79330,58,12,26,99.26,8,10,1,High
47,Male,Sales,Bachelor,5,101369,32,6,9,94.51,4,8,1,High
29,Male,Finance,Bachelor,1,43122,45,9,72,95.58,5,8,0,High
25,Male,IT,Bachelor,11,88553,59,1,47,98.14,8,1,0,High
21,Male,IT,Master,1,99906,31,11,69,72.55,5,9,0,High
39,Female,HR,Diploma,5,112788,46,10,58,81.57,10,2,0,High
30,Male,Finance,Master,16,80812,41,12,58,72.13,4,9,1,High
32,Male,Operations,Bachelor,2,25999,64,7,1,76.32,6,1,0,Medium
44,Female,IT,Master,1,40436,30,10,28,76.88,5,10,1,High
35,Female,HR,Bachelor,19,60963,44,9,67,84.07,7,9,0,High
47,Female,Operations,Bachelor,7,20096,55,10,64,78.06,10,4,1,High
42,Male,Finance,Master,11,43279,50,9,25,73.03,7,9,0,High
44,Female,IT,Diploma,3,44201,60,10,9,75.02,4,7,1,High
29,Male,Operations,Master,4,37715,54,11,52,74.42,5,6,0,High
40,Male,Operations,Bachelor,12,47309,52,13,78,99.19,3,5,0,High
37,Male,Operations,Diploma,14,33078,53,3,58,92.78,4,9,0,High
37,Male,IT,Bachelor,15,74614,57,11,21,99.03,4,2,0,High
46,Female,IT,Bachelor,9,23105,50,13,50,83.19,3,2,1,High
40,Female,Sales,Diploma,15,112848,47,5,47,78.35,10,9,1,High
32,Male,Finance,Bachelor,11,20839,64,8,20,93.95,5,3,1,High
27,Male,HR,Bachelor,16,86920,38,8,21,79.79,5,8,0,High
22,Male,Operations,Bachelor,15,61619,59,4,29,78.98,7,9,1,High
23,Female,Sales,Diploma,11,60821,63,12,24,76.98,4,8,0,High
37,Male,HR,Master,7,31493,61,11,27,73.89,4,4,0,High
25,Male,Sales,Master,19,35069,32,11,64,77.69,9,1,0,High
37,Female,IT,Master,2,25531,32,1,44,80.66,6,4,0,High
44,Female,Operations,Bachelor,15,55051,57,1,67,90.22,4,9,0,High
37,Male,HR,Diploma,12,25736,44,4,6,71.88,2,2,0,High
47,Female,HR,Master,18,25710,52,6,48,76.32,6,3,0,High
37,Female,HR,Diploma,7,85155,40,8,8,94.27,2,10,1,High
22,Male,HR,Diploma,4,31975,61,6,35,74.41,5,8,0,High
22,Female,HR,Bachelor,19,80424,62,12,0,80.28,6,6,0,High
48,Male,Sales,Bachelor,7,63603,53,9,9,95.94,4,8,0,High
42,Female,Operations,Master,11,41252,63,9,35,74.65,3,7,0,High
43,Male,IT,Bachelor,0,98797,57,14,72,72.48,7,5,0,High
25,Male,IT,Bachelor,19,19431,36,2,45,84.54,2,9,0,High
21,Male,IT,Bachelor,5,92603,33,10,31,79.07,6,4,0,High
21,Female,IT,Master,17,55481,30,1,31,86.9,4,6,0,High
39,Male,Sales,Bachelor,7,110573,30,2,5,94.11,6,2,0,High
22,Female,Finance,Bachelor,6,27557,49,5,47,74.11,4,2,1,High
41,Male,Operations,Diploma,0,92971,48,4,37,87.42,4,2,0,High
32,Male,HR,Master,15,18162,58,4,16,85.17,4,10,0,High
46,Female,Finance,Bachelor,11,52742,39,9,73,74.32,9,7,1,High
26,Male,IT,Bachelor,5,37675,47,11,26,88.72,7,2,0,High
43,Male,Finance,Diploma,19,91997,57,8,53,78.21,3,2,0,High
24,Female,Operations,Bachelor,1,35015,64,6,49,84.64,3,9,1,High
43,Male,HR,Bachelor,13,68057,60,1,34,72.47,6,7,0,High
31,Male,HR,Bachelor,3,50591,56,2,24,83.79,6,3,0,High
44,Male,Operations,Master,0,111583,40,6,27,79.19,4,3,0,High
47,Male,Operations,Diploma,17,118318,34,11,14,94.67,9,7,0,High
37,Female,IT,Bachelor,12,27833,37,2,3,71.71,4,5,0,High
26,Female,HR,Master,1,25896,63,13,72,82.56,9,10,0,High
44,Male,Finance,Bachelor,8,50972,41,10,26,83.75,4,6,0,High
25,Female,Sales,Bachelor,1,67733,30,5,25,91.75,2,8,0,High
40,Male,Sales,Bachelor,8,59800,60,14,18,87.23,2,9,0,High
22,Female,Operations,Bachelor,0,114044,33,5,16,90.02,5,1,0,High
26,Male,IT,Master,10,23347,34,6,42,93.31,4,3,0,High
42,Male,Sales,Bachelor,2,77063,59,6,40,95.87,7,7,0,High
31,Male,HR,Master,19,113850,53,14,41,79.42,5,6,0,High
36,Male,Operations,Bachelor,3,20643,32,6,49,86.14,6,7,1,High
36,Male,Finance,Bachelor,17,58785,40,14,39,95.2,10,8,0,High
21,Male,Operations,Diploma,5,36681,33,2,38,99.68,4,6,0,High
29,Female,Finance,Bachelor,2,68026,55,14,22,96.69,2,3,0,High
48,Male,Operations,Bachelor,10,33892,56,10,51,81.14,10,2,0,High
47,Female,Operations,Master,14,65299,56,14,46,75.85,9,7,1,High
26,Male,Operations,Bachelor,4,35073,35,13,62,84.68,10,1,0,High
36,Female,Finance,Master,19,48682,44,14,68,92.25,7,3,1,High
49,Female,Finance,Diploma,9,115798,59,3,42,84.78,4,4,0,High
23,Female,Operations,Master,11,114894,64,14,47,84.5,3,1,0,High
40,Male,Sales,Master,14,32289,52,6,33,95.15,10,5,0,High
48,Male,IT,Master,16,25927,35,13,39,80.84,3,10,1,High
47,Female,IT,Master,9,66330,33,8,74,95.79,9,3,0,High
24,Male,IT,Master,5,84707,47,12,60,82.2,5,2,0,High
39,Female,Finance,Bachelor,17,95454,38,13,49,79.85,3,3,0,High
46,Male,Finance,Diploma,12,83428,58,11,66,83.62,5,8,0,High
23,Female,Sales,Diploma,2,68601,42,12,61,92.87,2,6,1,High
39,Female,IT,Master,9,95465,46,1,57,73.78,4,7,0,High
40,Male,IT,Bachelor,13,20539,61,1,32,75.89,10,6,0,High
27,Female,Operations,Master,5,40669,51,11,74,98.54,2,6,1,High
40,Male,Finance,Bachelor,2,88968,33,13,15,75.26,2,3,0,High
29,Female,IT,Diploma,15,38644,34,2,47,87.03,8,8,1,High
21,Female,Sales,Diploma,6,36745,42,11,9,87.38,1,7,0,High
28,Male,Sales,Bachelor,19,46228,63,12,37,84.69,7,7,0,High
27,Male,IT,Bachelor,13,52521,51,12,18,89.34,5,6,1,High
38,Male,Finance,Bachelor,8,115239,52,6,35,76.89,8,5,0,High
28,Female,Sales,Bachelor,14,44928,32,9,58,86.58,1,10,0,High
21,Male,Operations,Diploma,2,36322,63,4,62,81.17,7,8,0,High
31,Female,Sales,Bachelor,1,75714,61,3,76,89.85,5,5,0,High
48,Female,HR,Bachelor,1,105896,50,12,45,74.24,4,9,0,High
45,Male,HR,Master,2,80292,50,8,2,87.13,7,9,1,High
45,Male,Finance,Bachelor,17,47055,40,11,73,75.56,10,1,0,High
38,Female,IT,Bachelor,13,60891,33,10,64,78.36,2,6,0,High
43,Female,Finance,Diploma,19,99912,30,14,7,76.56,1,7,1,High
30,Male,Finance,Diploma,17,24588,57,9,50,75.49,1,3,0,High
23,Male,Finance,Bachelor,9,108536,53,12,72,94.77,1,7,0,High
27,Male,Finance,Bachelor,1,24304,64,11,5,78.57,5,7,0,High
48,Male,Operations,Bachelor,0,25345,42,5,38,97.81,10,2,1,High
36,Male,Operations,Bachelor,3,47300,63,9,59,99.1,7,7,0,High
46,Female,Sales,Bachelor,13,42259,40,2,27,87.14,2,1,1,High
36,Female,HR,Master,0,109006,46,3,53,74.29,10,5,1,High
45,Female,Finance,Master,13,106553,64,7,36,81.24,8,9,0,High
40,Female,Sales,Diploma,15,33352,47,7,8,93.93,4,7,0,High
48,Male,HR,Bachelor,13,51365,51,6,55,81.02,3,7,1,High
37,Male,IT,Diploma,19,37446,53,6,58,72.61,10,2,0,High
22,Male,Operations,Bachelor,2,20336,48,2,1,86.7,8,8,1,High
21,Female,HR,Master,2,80032,50,10,60,95.35,2,3,1,High
36,Female,IT,Diploma,8,93415,37,6,57,93.88,3,8,0,High
32,Male,HR,Bachelor,5,115852,57,4,59,75.25,3,3,0,High
25,Male,Operations,Bachelor,12,116876,34,12,39,90.18,10,10,1,High
25,Female,Operations,Bachelor,1,25521,46,3,35,76.62,1,7,1,High
47,Female,Sales,Bachelor,7,89707,48,13,36,76.55,6,2,0,High
43,Male,Finance,Diploma,1,41481,56,11,78,96.22,2,4,0,High
29,Male,HR,Bachelor,3,36474,63,13,17,77.49,1,6,0,High
29,Female,HR,Bachelor,14,64760,40,2,62,77.9,2,9,0,High
23,Male,IT,Diploma,3,73718,41,1,21,70.02,6,5,0,High
39,Male,Operations,Bachelor,12,62629,50,11,10,96.12,4,9,0,High
36,Male,HR,Diploma,11,63232,40,11,57,93.78,6,5,0,High
36,Female,Operations,Diploma,12,104544,57,5,56,88.82,9,10,0,High
23,Female,HR,Bachelor,13,85169,34,2,76,92.51,10,8,0,High
40,Female,Sales,Diploma,19,68669,46,2,3,74.56,10,1,0,High
44,Female,Finance,Bachelor,17,96021,49,7,6,83.75,8,7,0,High
42,Female,HR,Bachelor,5,87184,41,8,60,80.54,1,4,0,High
44,Female,Operations,Master,10,65945,35,13,53,72.81,8,5,0,High
21,Female,Sales,Bachelor,1,31140,46,10,67,84.58,9,6,0,High
44,Male,HR,Diploma,18,101457,48,8,78,97.62,6,5,0,High
40,Male,IT,Diploma,18,32357,55,14,0,71.2,10,1,0,High
31,Male,Finance,Bachelor,4,86673,61,4,54,78.74,5,9,1,High
37,Male,HR,Bachelor,18,83633,35,14,2,76.23,6,2,0,High
28,Male,Sales,Diploma,1,94943,40,1,77,77.14,6,9,1,High
24,Male,IT,Master,9,114111,62,11,37,97.25,9,10,0,High
26,Male,Sales,Diploma,1,96258,53,7,0,84.04,4,2,0,High
28,Female,Sales,Bachelor,10,30924,52,1,37,83.99,2,9,1,High
40,Female,IT,Bachelor,17,87286,44,11,28,92.82,9,6,0,High
23,Male,Sales,Master,14,111269,56,4,4,74.63,2,9,0,High
36,Male,IT,Bachelor,8,92071,40,8,73,84.62,10,6,0,High
45,Female,HR,Master,18,75326,46,2,20,82.9,9,6,0,High
23,Male,IT,Bachelor,8,108023,43,6,70,87.91,2,2,0,High
45,Male,IT,Master,2,48651,56,13,66,99.99,8,8,0,High
49,Female,Finance,Diploma,8,88202,47,6,46,93.08,9,3,0,High
38,Male,IT,Master,13,66777,57,12,34,81.94,10,7,0,High
34,Female,IT,Bachelor,18,34994,33,9,67,94.83,9,5,1,High
38,Male,HR,Master,6,85263,36,5,68,75.12,10,3,0,High
22,Female,Finance,Bachelor,15,77634,64,10,0,70.91,9,1,0,High
42,Female,Operations,Bachelor,15,118158,38,4,67,76.13,2,8,1,High
23,Female,HR,Bachelor,0,28800,37,5,11,80.21,4,3,0,Medium
36,Male,HR,Bachelor,3,55823,46,12,59,85.32,7,2,0,High
49,Female,Operations,Diploma,3,81878,46,12,26,88.45,2,1,0,High
29,Male,IT,Diploma,6,36708,62,10,55,97.32,1,4,0,High
24,Male,Sales,Bachelor,7,30819,61,11,22,85.3,3,8,0,High
21,Male,Finance,Diploma,16,92905,37,5,24,85.04,4,3,1,High
24,Male,Sales,Master,4,81870,48,8,20,71.51,8,1,1,High
21,Female,Operations,Bachelor,6,27283,32,10,60,71.05,6,4,0,High
34,Female,HR,Master,19,48573,34,12,62,86.53,2,9,0,High
41,Male,HR,Bachelor,19,96707,42,8,51,83.15,9,1,0,High
36,Male,Finance,Diploma,3,48933,60,2,24,95.18,2,2,0,Medium
40,Female,HR,Master,5,23774,45,7,54,74.82,5,9,1,High
44,Male,HR,Bachelor,6,90055,61,8,45,70.75,4,2,0,High
28,Female,Finance,Bachelor,17,28983,51,11,31,83.47,7,3,0,High
27,Male,Finance,Bachelor,4,114468,58,6,54,77.12,8,7,1,High
23,Male,Operations,Bachelor,19,114334,51,5,4,71.49,5,3,0,High
37,Female,HR,Bachelor,2,36133,32,11,35,91.74,10,9,0,High
21,Male,HR,Master,6,32939,39,9,48,73.35,5,6,0,High
36,Female,Operations,Master,13,18781,50,13,57,88.25,2,3,1,High
32,Male,IT,Bachelor,6,74700,45,3,38,78.43,8,9,0,High
47,Male,IT,Diploma,4,45624,41,12,79,75.2,2,1,1,High
39,Male,IT,Bachelor,4,24823,31,13,60,81.39,10,10,0,High
42,Female,Operations,Diploma,1,36489,53,13,8,94.04,6,3,1,High
43,Male,HR,Diploma,5,57961,64,10,5,81.76,8,1,1,High
42,Male,Operations,Bachelor,14,47118,59,4,34,92.52,6,2,0,High
34,Male,Operations,Bachelor,9,118417,59,9,38,73.76,4,8,0,High
26,Male,IT,Master,6,99816,64,6,21,93.18,4,7,0,High
26,Female,Sales,Bachelor,4,40263,48,8,40,77.11,6,2,0,High
33,Female,HR,Bachelor,0,31565,37,7,4,90.32,4,2,0,High
39,Male,IT,Bachelor,12,38354,55,11,41,86.97,8,9,0,High
42,Female,Sales,Bachelor,17,60951,36,2,75,97.87,9,6,0,High
28,Male,Sales,Bachelor,12,109179,59,3,79,81.62,1,5,0,High
47,Male,Finance,Master,17,41648,36,1,66,71.98,4,10,0,High
47,Male,HR,Diploma,4,68729,32,9,29,70.57,4,6,0,High
22,Female,Sales,Master,12,59971,30,13,56,94.81,2,9,0,High
41,Female,IT,Bachelor,3,36658,54,7,72,85.74,6,7,1,High
21,Female,Finance,Bachelor,16,39253,30,1,28,93.26,3,10,0,High
48,Female,HR,Bachelor,2,82166,44,3,36,77.03,7,10,0,High
35,Female,Operations,Bachelor,16,66563,42,4,12,80.35,5,9,1,High
21,Female,IT,Master,10,44390,37,4,31,70.9,4,4,0,High
25,Female,Sales,Master,19,106664,34,5,45,98.84,5,2,1,High
48,Female,Sales,Bachelor,3,69578,38,14,22,90.04,8,8,0,High
49,Female,IT,Bachelor,1,97025,30,3,44,98.0,3,4,0,High
36,Male,Sales,Bachelor,19,50658,64,3,16,77.96,7,9,0,High
39,Female,Finance,Master,15,24852,31,1,65,88.34,6,4,0,High
24,Female,HR,Bachelor,17,112986,52,7,5,90.35,1,8,0,High
23,Female,Finance,Bachelor,7,20551,38,11,17,79.53,7,9,0,High
37,Female,Sales,Bachelor,2,89947,63,10,21,95.44,7,9,0,High
37,Female,Operations,Bachelor,8,79001,43,14,32,98.41,1,10,0,High
32,Female,HR,Diploma,19,67159,33,1,29,96.55,9,4,0,High
48,Female,HR,Bachelor,5,69707,59,2,31,92.17,6,1,0,High
49,Female,IT,Master,9,51243,60,13,41,78.32,2,3,0,High
34,Female,IT,Diploma,9,39800,40,4,77,78.45,5,9,0,High
41,Female,Operations,Bachelor,12,93939,64,13,9,98.9,4,4,1,High
26,Female,HR,Master,16,75828,37,4,35,70.31,7,5,0,High
23,Male,Operations,Diploma,8,25239,32,5,33,91.48,8,7,1,High
48,Male,IT,Master,16,24710,43,11,72,91.19,1,5,1,High
29,Female,IT,Bachelor,8,39384,42,2,27,88.68,5,4,0,High
25,Female,HR,Bachelor,8,39038,61,4,10,99.7,3,2,0,Medium
44,Male,Finance,Master,0,58846,63,1,77,79.36,1,2,0,Medium
49,Female,Sales,Bachelor,1,105983,48,2,38,80.2,3,4,0,High
37,Male,IT,Bachelor,15,85821,45,1,46,72.37,6,10,0,High
34,Male,IT,Bachelor,0,55991,31,10,18,83.28,7,10,0,High
41,Male,Finance,Bachelor,9,97057,46,10,14,77.83,8,9,0,High
23,Male,Finance,Diploma,17,24971,63,13,27,80.3,4,8,0,High
48,Male,Operations,Bachelor,7,47139,45,4,23,95.04,3,3,0,High
21,Female,Operations,Master,10,103445,31,4,71,98.06,5,9,0,High
40,Male,Sales,Bachelor,1,95067,31,7,8,75.57,9,5,1,High
49,Female,Sales,Bachelor,7,98257,55,10,46,81.18,6,3,0,High
41,Female,HR,Bachelor,7,102742,42,11,32,97.86,9,5,0,High
43,Male,Operations,Master,16,55711,60,11,61,71.85,6,10,0,High
21,Male,IT,Diploma,14,24530,63,9,18,72.77,2,4,0,High
23,Female,Operations,Master,16,29116,32,9,66,74.88,5,8,0,High
38,Male,IT,Bachelor,12,83794,37,5,73,87.86,9,5,0,High
45,Male,Finance,Bachelor,18,18282,52,10,39,74.51,8,10,0,High
30,Female,Operations,Diploma,4,97473,43,1,46,99.04,7,8,0,High
42,Female,Finance,Diploma,11,19898,56,1,64,83.4,1,9,1,High
46,Male,Sales,Bachelor,0,22135,58,6,28,85.05,4,4,1,High
23,Female,Sales,Bachelor,4,24629,30,2,49,77.4,7,7,0,High
28,Male,HR,Master,7,103120,46,8,12,84.13,7,2,0,High
34,Male,Operations,Bachelor,12,107087,59,13,0,89.86,6,6,0,High
44,Male,Finance,Bachelor,7,83031,42,9,33,92.54,8,8,0,High
38,Female,IT,Bachelor,10,51380,50,13,47,92.62,6,7,0,High
35,Female,Sales,Bachelor,0,35071,48,4,76,87.34,10,7,0,High
42,Female,Sales,Diploma,12,38074,48,5,47,97.13,3,8,1,High
43,Female,IT,Diploma,18,108724,54,11,48,94.52,4,7,0,High
22,Female,Finance,Diploma,2,85843,51,8,63,92.71,3,5,0,High
47,Male,Finance,Bachelor,16,57901,60,3,60,71.67,1,7,0,High
30,Male,Operations,Bachelor,4,29205,46,5,28,70.21,10,10,0,High
22,Male,Operations,Bachelor,19,73661,52,3,38,76.37,5,3,0,High
46,Male,HR,Master,7,23906,61,12,25,89.91,1,5,1,High
37,Female,Sales,Master,13,20591,39,10,16,82.34,1,7,0,High
28,Male,Operations,Bachelor,3,80987,39,3,70,82.07,2,9,0,High
21,Female,Finance,Master,10,81370,37,3,12,96.54,4,2,0,High
29,Male,IT,Bachelor,19,98685,49,13,68,96.87,6,4,0,High
31,Female,Finance,Diploma,14,72400,61,12,25,97.28,8,7,0,High
42,Female,Sales,Bachelor,18,43150,43,7,48,79.42,3,1,0,High
36,Male,Finance,Diploma,6,49852,57,7,66,90.73,1,2,0,High
27,Male,HR,Bachelor,18,60870,53,7,6,78.15,3,9,1,High
49,Male,Sales,Master,18,70756,44,10,57,75.72,3,10,0,High
30,Male,IT,Diploma,10,74481,51,8,48,75.54,5,7,0,High
43,Female,HR,Diploma,4,19283,59,5,52,80.26,4,10,0,High
46,Male,Sales,Bachelor,4,51691,33,5,64,82.9,4,7,1,High
23,Male,IT,Master,7,19125,42,14,61,94.93,9,6,0,High
38,Female,HR,Bachelor,9,85065,52,4,16,73.6,7,3,0,High
45,Male,HR,Bachelor,5,44170,37,7,42,92.05,4,10,0,High
44,Male,Sales,Diploma,14,26438,47,10,24,85.94,3,3,0,High
33,Male,Operations,Diploma,15,38095,41,4,2,78.64,6,2,0,High
48,Male,HR,Master,16,34154,60,2,78,84.78,3,6,1,High
46,Male,HR,Master,7,26004,43,4,28,79.0,6,4,0,High
27,Female,IT,Diploma,7,27752,63,13,31,87.88,9,5,0,High
45,Male,Finance,Master,8,73426,47,13,25,83.02,6,3,0,High
24,Male,Sales,Bachelor,1,44819,63,8,15,74.93,4,6,1,High
33,Male,Sales,Master,14,110051,40,9,24,73.5,5,3,0,High
40,Male,Operations,Bachelor,17,42217,41,3,53,86.4,6,8,0,High
21,Male,Operations,Bachelor,2,106708,44,7,27,97.07,3,9,0,High
28,Female,Sales,Bachelor,16,50994,60,14,72,80.32,8,4,0,High
34,Male,Operations,Bachelor,3,33036,58,12,55,91.99,4,9,0,High
36,Female,IT,Diploma,3,95275,55,14,64,89.76,8,7,0,High
34,Female,Sales,Diploma,13,115756,47,9,79,97.95,10,3,0,High
32,Male,Operations,Bachelor,8,67416,61,11,40,94.63,10,7,0,High
39,Male,Sales,Bachelor,8,27587,51,4,50,87.0,3,1,0,High
43,Male,Finance,Bachelor,17,113665,46,10,70,89.71,10,3,0,High
35,Male,HR,Bachelor,9,18645,52,3,77,96.95,7,6,0,High
48,Female,Sales,Master,3,48930,53,5,28,81.99,9,4,1,High
